lambda_um,energy_eV,eps1,eps2,n,k,alpha_m_inv,alpha_cm_inv,material,model
1.2,1.0332016533333332,-1.1560384669474182,0.2832159094994477,0.1307417320483352,1.083112121364366,11342323.611641161,113423.23611641162,Ge,AdachiGeSkeleton
1.2015,1.0319117636287973,-1.1702767291657115,0.28631443545895285,0.1313681739830224,1.0897404857585797,11397488.82023646,113974.8882023646,Ge,AdachiGeSkeleton
1.2029999999999998,1.0306250906068164,-1.1846330145168882,0.28945664332151366,0.13200511157619663,1.0963842227974334,11452677.040239975,114526.77040239975,Ge,AdachiGeSkeleton
1.2045,1.0293416222498961,-1.1991087650812622,0.2926433039955358,0.1326526293781996,1.1030437367403942,11507892.403260628,115078.92403260627,Ge,AdachiGeSkeleton
1.206,1.0280613466003317,-1.2137054456819751,0.2958752051094178,0.13331081551006158,1.10971943265581,11563139.028780516,115631.39028780516,Ge,AdachiGeSkeleton
1.2075,1.0267842517598342,-1.2284245443251203,0.2991531514407675,0.1339797616794393,1.1164117165565755,11618421.025642097,116184.21025642096,Ge,AdachiGeSkeleton
1.2089999999999999,1.0255103258891647,-1.2432675726495919,0.30247796535836313,0.13465956319976535,1.12312099553465,11673742.493512364,116737.42493512364,Ge,AdachiGeSkeleton
1.2105,1.0242395572077654,-1.258236066387071,0.30585048727732655,0.13535031901258254,1.1298476778946263,11729107.524326295,117291.07524326295,Ge,AdachiGeSkeleton
1.212,1.0229719339933994,-1.273331585832231,0.30927157612791734,0.13605213171302918,1.1365921732863948,11784520.203710215,117845.20203710215,Ge,AdachiGeSkeleton
1.2135,1.0217074445817882,-1.2885557163235606,0.3127421098384449,0.1367651075784596,1.1433548928370876,11839984.612387111,118399.84612387112,Ge,AdachiGeSkeleton
1.2149999999999999,1.0204460773662551,-1.303910068734963,0.3162629858327556,0.13748935660018163,1.15013624928236,11895504.827564713,118955.04827564713,Ge,AdachiGeSkeleton
1.2165,1.0191878207973695,-1.319396279978475,0.3198351215428101,0.13822499251830225,1.1569366570971635,11951084.92430804,119510.84924308039,Ge,AdachiGeSkeleton
1.218,1.0179326633825942,-1.3350160135183204,0.32345945493685835,0.13897213285967688,1.163756532626085,12006728.976897338,120067.28976897338,Ge,AdachiGeSkeleton
1.2195,1.0166805936859367,-1.3507709598966255,0.32713694506375945,0.1397308989789644,1.1705962942133787,12062441.060172815,120624.41060172814,Ge,AdachiGeSkeleton
1.2209999999999999,1.0154316003276003,-1.3666628372710676,0.33086857261400016,0.14050141610279324,1.1774563623327863,12118225.2508673,121182.252508673,Ge,AdachiGeSkeleton
1.2225,1.01418567198364,-1.3826933919647706,0.3346553404979997,0.14128381337705162,1.1843371597172538,12174085.62892802,121740.8562892802,Ge,AdachiGeSkeleton
1.224,1.0129427973856209,-1.39886439902871,0.33849827444229247,0.14207822391731667,1.1912391114886252,12230026.278828423,122300.26278828424,Ge,AdachiGeSkeleton
1.2255,1.0117029653202774,-1.4151776628170063,0.3423984236042318,0.14288478486244677,1.1981626452874394,12286051.290871426,122860.51290871427,Ge,AdachiGeSkeleton
1.2269999999999999,1.0104661646291768,-1.4316350175753703,0.3463568612058522,0.14370363743136116,1.2051081914029025,12342164.762484893,123421.64762484893,Ge,AdachiGeSkeleton
1.2285,1.0092323842083841,-1.4482383280430708,0.3503746851875802,0.14453492698304152,1.2120761829031474,12398370.79951058,123983.7079951058,Ge,AdachiGeSkeleton
1.23,1.00800161300813,-1.464989490068724,0.3544530188824841,0.14537880307978843,1.2190670557658574,12454673.51748734,124546.73517487339,Ge,AdachiGeSkeleton
1.2315,1.0067738400324806,-1.4818904312402918,0.35859301171180913,0.14623541955377808,1.2260812490093638,12511077.04292981,125110.77042929809,Ge,AdachiGeSkeleton
1.2329999999999999,1.0055490543390107,-1.4989431115296157,0.36279583990254893,0.1471049345769626,1.2331192048242976,12567585.51460341,125675.8551460341,Ge,AdachiGeSkeleton
1.2345,1.004327245038477,-1.516149523951863,0.3670627072278511,0.14798751073436744,1.2401813687058911,12624203.08479664,126242.0308479664,Ge,AdachiGeSkeleton
1.236,1.0031084012944984,-1.5335116952402323,0.3713948457710716,0.14888331510083946,1.2472681895870061,12680933.92059152,126809.3392059152,Ge,AdachiGeSkeleton
1.2375,1.0018925123232323,-1.5510316865363658,0.37579351671435124,0.14979251932131107,1.2543801199720088,12737782.205133403,127377.82205133402,Ge,AdachiGeSkeleton
1.2389999999999999,1.0006795673930589,-1.56871159409677,0.3802600111525843,0.150715299694642,1.2615176160715378,12794752.138900572,127947.52138900572,Ge,AdachiGeSkeleton
1.2405,0.9994695558242643,-1.5865535500157197,0.3847956509337239,0.15165183726111375,1.2686811379382887,12851847.940974986,128518.47940974987,Ge,AdachiGeSkeleton
1.242,0.9982624669887278,-1.6045597229650275,0.3894017895263813,0.15260231789365133,1.2758711496038864,12909073.85031476,129090.7385031476,Ge,AdachiGeSkeleton
1.2435,0.9970582903096098,-1.6227323189510832,0.3940798129157229,0.15356693239285493,1.2830881192169286,12966434.127029344,129664.34127029344,Ge,AdachiGeSkeleton
1.2449999999999999,0.9958570152610442,-1.6410735820896258,0.3988311405287143,0.15454587658592797,1.2903325191822992,13023933.053658227,130239.33053658226,Ge,AdachiGeSkeleton
1.2465,0.9946586313678298,-1.6595857953986834,0.4036572261898028,0.155539351429596,1.2976048263018378,13081574.936454115,130815.74936454116,Ge,AdachiGeSkeleton
1.248,0.9934631282051282,-1.6782712816100858,0.40855955910815905,0.15654756311711135,1.3049055219164305,13139364.106671195,131393.64106671195,Ge,AdachiGeSkeleton
1.2495,0.9922704953981591,-1.6971324040000946,0.41353966489767957,0.15757072318945203,1.3122350920496455,13197304.9218596,131973.049218596,Ge,AdachiGeSkeleton
1.251,0.9910807226219025,-1.7161715672395401,0.41859910663096045,0.15860904865082023,1.319594027552966,13255401.767166639,132554.0176716664,Ge,AdachiGeSkeleton
1.2525,0.9898937996007984,-1.735391218264016,0.4237394859285415,0.1596627620885607,1.3269828242527348,13313659.056645839,133136.59056645838,Ge,AdachiGeSkeleton
1.254,0.9887097161084528,-1.7547938471645645,0.4289624440847404,0.16073209179761708,1.334401983098872,13372081.234574378,133720.81234574376,Ge,AdachiGeSkeleton
1.2555,0.9875284619673436,-1.774381988099403,0.43426966323148186,0.1618172719096581,1.3418520103154772,13430672.776779922,134306.72776779922,Ge,AdachiGeSkeleton
1.257,0.9863500270485283,-1.7941582202271902,0.43966286754156797,0.1629185425270071,1.349333417553391,13489438.191977544,134894.38191977545,Ge,AdachiGeSkeleton
1.2585,0.9851744012713547,-1.8141251686623687,0.44514382447290607,0.16403614986151824,1.3568467220448148,13548382.023117624,135483.82023117624,Ge,AdachiGeSkeleton
1.26,0.9840015746031745,-1.834285505453074,0.45071434605525845,0.1651703463785456,1.3643924467600526,13607508.848745348,136075.08848745347,Ge,AdachiGeSkeleton
1.2614999999999998,0.9828315370590567,-1.854641950582246,0.4563762902211842,0.16632139094616663,1.3719711205665057,13666823.284372864,136668.23284372865,Ge,AdachiGeSkeleton
1.263,0.9816642787015043,-1.8751972729924207,0.4621315621828661,0.16748954898981905,1.379583278389976,13726329.983864678,137263.29983864678,Ge,AdachiGeSkeleton
1.2645,0.9804997896401739,-1.895954291634811,0.46798211585662414,0.1686750926525261,1.3872294613783798,13786033.640837148,137860.33640837148,Ge,AdachiGeSkeleton
1.266,0.9793380600315955,-1.9169158765432601,0.47392995533698346,0.16987830096088877,1.3949102170679726,13845938.990072943,138459.38990072944,Ge,AdachiGeSkeleton
1.2674999999999998,0.9781790800788955,-1.9380849499336346,0.47997713642224393,0.17109945999703471,1.402626099552162,13906050.808951098,139060.508089511,Ge,AdachiGeSkeleton
1.269,0.9770228400315208,-1.959464487329309,0.48612576819359243,0.17233886307672058,1.4103776696530208,13966373.91889369,139663.7391889369,Ge,AdachiGeSkeleton
1.2705,0.9758693301849665,-1.9810575187132695,0.4923780146498674,0.17359681093379284,1.4181654950955662,14026913.186829634,140269.13186829633,Ge,AdachiGeSkeleton
1.272,0.974718540880503,-2.002867129707565,0.49873609640021693,0.17487361191122636,1.4259901506849346,14087673.526676705,140876.73526676706,Ge,AdachiGeSkeleton
1.2734999999999999,0.9735704625049078,-2.0248964627806614,0.5052022924169489,0.17616958215896406,1.4338522184865234,14148659.900842372,141486.5990084237,Ge,AdachiGeSkeleton
1.275,0.972425085490196,-2.047148718483375,0.5117789418510027,0.17748504583879515,1.441752288009204,14209877.321744287,142098.77321744288,Ge,AdachiGeSkeleton
1.2765,0.9712824003133568,-2.069627156714009,0.5184684459125594,0.17882033533651726,1.449690956391697,14271330.853351247,142713.30853351246,Ge,AdachiGeSkeleton
1.278,0.9701423974960875,-2.0923350980134057,0.525273269819452,0.18017579148164414,1.4576688285922295,14333025.612745501,143330.256127455,Ge,AdachiGeSkeleton
1.2794999999999999,0.9690050676045331,-2.115275924890516,0.5321959448161135,0.18155176377492535,1.4656865175815403,14394966.771706995,143949.66771706994,Ge,AdachiGeSkeleton
1.281,0.9678704012490242,-2.1384530831792414,0.5392390702659723,0.18294861062396423,1.473744644539372,14457159.558320664,144571.59558320662,Ge,AdachiGeSkeleton
1.2825,0.9667383890838206,-2.16187008342712,0.5464053158202807,0.18436669958722335,1.4818438390545088,14519609.258607222,145196.09258607222,Ge,AdachiGeSkeleton
1.284,0.9656090218068535,-2.185530502316662,0.5536974236665629,0.1858064076267323,1.4899847393284984,14582321.218178548,145823.2121817855,Ge,AdachiGeSkeleton
1.2854999999999999,0.9644822901594711,-2.209437984119963,0.5611182108599646,0.18726812136981727,1.4981679923831452,14645300.843918348,146453.00843918347,Ge,AdachiGeSkeleton
1.287,0.9633581849261849,-2.2335962421873026,0.5686705717409581,0.1887522373801894,1.506394254271879,14708553.605688918,147085.5360568892,Ge,AdachiGeSkeleton
1.2885,0.9622366969344198,-2.258009060470395,0.5763574804430002,0.19025916243874239,1.514664190295092,14772085.038064707,147720.85038064708,Ge,AdachiGeSkeleton
1.29,0.9611178170542635,-2.2826802950810876,0.5841819934939527,0.19178931383443382,1.5229784752195845,14835900.74209374,148359.0074209374,Ge,AdachiGeSkeleton
1.2914999999999999,0.9600015361982192,-2.307613875886081,0.5921472525151789,0.19334311966562745,1.5313377935021777,14900006.387087403,149000.06387087403,Ge,AdachiGeSkeleton
1.293,0.9588878453209589,-2.3328138081384866,0.6002564870224916,0.19492101915230656,1.5397428395176451,14964407.712439664,149644.07712439663,Ge,AdachiGeSkeleton
1.2945,0.9577767354190807,-2.3582841741467964,0.6085130173332468,0.19652346295957135,1.5481943177910253,15029110.529476238,150291.10529476238,Ge,AdachiGeSkeleton
1.296,0.9566681975308641,-2.384029134982074,0.6169202575841596,0.19815091353286884,1.556692943234466,15094120.72333479,150941.2072333479,Ge,AdachiGeSkeleton
1.2974999999999999,0.9555622227360309,-2.410052932223939,0.6254817188645602,0.19980384544540913,1.5652394413886688,15159444.254876714,151594.44254876714,Ge,AdachiGeSkeleton
1.299,0.9544588021555042,-2.436359889746102,0.6342010124700943,0.2014827457582538,1.573834548669074,15225087.162631473,152250.87162631474,Ge,AdachiGeSkeleton
1.3005,0.9533579269511726,-2.462954415541998,0.6430818532820513,0.20318811439357537,1.5824790126168544,15291055.564773979,152910.5556477398,Ge,AdachiGeSkeleton
1.302,0.9522595883256527,-2.489841003591291,0.6521280632778282,0.20492046452162152,1.5911735921548749,15357355.661136212,153573.55661136212,Ge,AdachiGeSkeleton
1.3034999999999999,0.951163777522056,-2.5170242357677064,0.661343575178207,0.20668032296192693,1.5999190578486628,15423993.73525328,154239.9373525328,Ge,AdachiGeSkeleton
1.305,0.9500704858237548,-2.544508783788955,0.6707324362375029,0.2084682305993586,1.6087161921725606,15490976.15644525,154909.7615644525,Ge,AdachiGeSkeleton
1.3065,0.9489797045541523,-2.5722994112091198,0.6802988121828227,0.21028474281558818,1.617565789781095,15558309.38193482,155583.0938193482,Ge,AdachiGeSkeleton
1.3079999999999998,0.9478914250764526,-2.6004009754542143,0.6900469913090905,0.21213042993663292,1.6264686577857304,15625999.95900215,156259.9995900215,Ge,AdachiGeSkeleton
1.3094999999999999,0.9468056387934326,-2.6288184299012793,0.6999813887367288,0.21400587769712023,1.635425616037059,15694054.52717705,156940.5452717705,Ge,AdachiGeSkeleton
1.311,0.9457223371472159,-2.657556826001494,0.7101065508392699,0.21591168772196942,1.644437497412548,15762479.820469398,157624.79820469397,Ge,AdachiGeSkeleton
1.3125,0.9446415116190475,-2.68662131544774,0.7204271598485361,0.21784847802621865,1.6535051481099416,15831282.669638386,158312.82669638385,Ge,AdachiGeSkeleton
1.314,0.9435631537290714,-2.716017152386866,0.73094803864536,0.21981688353375112,1.6626294279463951,15900470.00450105,159004.7000450105,Ge,AdachiGeSkeleton
1.3155,0.942487255036108,-2.7457496956770178,0.7416741557442778,0.2218175566157223,1.671811210663449,15970048.856280807,159700.48856280808,Ge,AdachiGeSkeleton
1.317,0.9414138071374335,-2.7758244111901806,0.7526106304809927,0.22385116764951743,1.6810513842379218,16040026.359996382,160400.26359996383,Ge,AdachiGeSkeleton
1.3185,0.9403428016685627,-2.806246874160007,0.7637627384118536,0.22591840559910956,1.6903508511987833,16110409.75689147,161104.0975689147,Ge,AdachiGeSkeleton
1.3199999999999998,0.9392742303030304,-2.8370227715750636,0.7751359169351163,0.22801997861774237,1.6997105289501209,16181206.396905825,161812.06396905825,Ge,AdachiGeSkeleton
1.3215,0.9382080847521755,-2.868157904617333,0.7867357711441688,0.23015661467388854,1.7091313501002425,16252423.741187824,162524.23741187825,Ge,AdachiGeSkeleton
1.323,0.9371443567649281,-2.8996581911457553,0.7985680799234518,0.23232906220149022,1.7186142627969718,16324069.364648843,163240.69364648842,Ge,AdachiGeSkeleton
1.3245,0.9360830381275952,-2.9315296682245617,0.8106388022983766,0.2345380907755394,1.7281602310692135,16396150.9585597,163961.509585597,Ge,AdachiGeSkeleton
1.3259999999999998,0.9350241206636501,-2.9637784946958834,0.8229540840510815,0.23678449181410127,1.737770235174819,16468676.333189197,164686.76333189197,Ge,AdachiGeSkeleton
1.3275,0.9339675962335217,-2.9964109537960453,0.8355202646144995,0.23906907930794136,1.7474452719548021,16541653.420484899,165416.53420484898,Ge,AdachiGeSkeleton
1.329,0.9329134567343867,-3.02943345581464,0.8483438842578038,0.24139269057896706,1.7571863551938913,16615090.276795648,166150.9027679565,Ge,AdachiGeSkeleton
1.3305,0.9318616940999623,-3.062852540795563,0.8614316915770772,0.24375618706877056,1.7669945159874914,16688995.085636241,166889.9508563624,Ge,AdachiGeSkeleton
1.3319999999999999,0.9308123003003004,-3.0966748812786338,0.874790651305633,0.24616045515860138,1.776870803114994,16763376.160493279,167633.76160493278,Ge,AdachiGeSkeleton
1.3335,0.9297652673415823,-3.1309072850804887,0.8884279524592936,0.24860640702218395,1.7868162834194703,16838241.94767222,168382.41947672222,Ge,AdachiGeSkeleton
1.335,0.9287205872659176,-3.165556698112895,0.9023510168326043,0.25109498151284393,1.7968320421936579,16913601.029184543,169136.01029184542,Ge,AdachiGeSkeleton
1.3365,0.927678252151141,-3.2006302072366637,0.9165675078629432,0.25362714508650724,1.8069191835722471,16989462.12567464,169894.62125674638,Ge,AdachiGeSkeleton
1.3379999999999999,0.9266382541106128,-3.2361350431486935,0.9310853398802305,0.2562038927621853,1.8170788309303454,17065834.099385064,170658.34099385064,Ge,AdachiGeSkeleton
1.3395,0.9256005852930198,-3.272078583299601,0.9459126877609951,0.25882624912166513,1.8273121272880535,17142725.9571592,171427.25957159197,Ge,AdachiGeSkeleton
1.341,0.9245652378821774,-3.308468354838807,0.9610579970064589,0.26149526935019246,1.837620235721009,17220146.853479687,172201.46853479688,Ge,AdachiGeSkeleton
1.3425,0.9235322040968341,-3.345312037583664,0.976529994265405,0.26421204032003787,1.8480043397767607,17298106.093541086,172981.06093541085,Ge,AdachiGeSkeleton
1.3439999999999999,0.9225014761904762,-3.382617467008679,0.9923376983236738,0.26697768171892716,1.858465643896785,17376613.13635466,173766.1313635466,Ge,AdachiGeSkeleton
1.3455,0.9214730464511334,-3.420392637250437,1.0084904315833132,0.2697933472254211,1.869005373843942,17455677.597883236,174556.77597883236,Ge,AdachiGeSkeleton
1.347,0.9204469072011877,-3.4586457041230982,1.0249978320555841,0.27266022573342624,1.8796247771350805,17535309.25420318,175353.0925420318,Ge,AdachiGeSkeleton
1.3485,0.919423050797182,-3.497384988139001,1.0418698658934298,0.2755795426281494,1.8903251234785357,17615518.044690803,176155.18044690802,Ge,AdachiGeSkeleton
1.3499999999999999,0.9184014696296297,-3.5366189775280414,1.059116840490315,0.27855256111591215,1.9011077052161658,17696314.075229798,176963.14075229797,Ge,AdachiGeSkeleton
1.3515,0.9173821561228265,-3.5763563312487525,1.0767494181737987,0.2815805836103694,1.9119738377695203,17777707.62143576,177777.07621435763,Ge,AdachiGeSkeleton
1.353,0.9163651027346637,-3.6166058819832907,1.0947786305237701,0.28466495317781104,1.9229248600897062,17859709.131893575,178597.09131893574,Ge,AdachiGeSkeleton
1.3544999999999998,0.9153503019564415,-3.6573766391076337,1.1132158933469143,0.28780705504436915,1.9339621351104437,17942329.231402885,179423.29231402886,Ge,AdachiGeSkeleton
1.3559999999999999,0.9143377463126844,-3.698677791627264,1.132073022340634,0.29100831816808775,1.945087050203739,18025578.724226277,180255.78724226277,Ge,AdachiGeSkeleton
1.3575,0.9133274283609576,-3.7405187110675424,1.151362249481511,0.29427021687897853,1.9563010176375066,18109468.597334,181094.68597334,Ge,AdachiGeSkeleton
1.359,0.912319340691685,-3.782908954306934,1.171096240175314,0.29759427259034604,1.9676054750344418,18194010.02363873,181940.10023638728,Ge,AdachiGeSkeleton
1.3605,0.9113134759279675,-3.8258582663398055,1.1912881112075562,0.3009820555848378,1.9790018858313096,18279214.365212757,182792.14365212756,Ge,AdachiGeSkeleton
1.3619999999999999,0.9103098267254038,-3.8693765829541955,1.2119514495357517,0.3044351868788555,1.990491739737736,18365093.176479407,183650.93176479408,Ge,AdachiGeSkeleton
1.3635,0.9093083857719105,-3.913474033308481,1.2331003319668252,0.3079553401691637,2.002076553193505,18451658.207369536,184516.58207369538,Ge,AdachiGeSkeleton
1.365,0.9083091457875457,-3.9581609423889765,1.254749345765421,0.31154424386572055,2.013757869823192,18538921.406432737,185389.21406432736,Ge,AdachiGeSkeleton
1.3664999999999998,0.9073120995243322,-4.003447833328944,1.2769136102414982,0.3152036832149868,2.025537260886908,18626894.92389229,186268.94923892288,Ge,AdachiGeSkeleton
1.3679999999999999,0.9063172397660819,-4.049345429567272,1.29960879936819,0.3189355025181851,2.037416325725746,18715591.114631325,187155.91114631324,Ge,AdachiGeSkeleton
1.3695,0.905324559328222,-4.095864656822904,1.322851165483707,0.32274160744921637,2.0493966922003675,18805022.54109645,188050.2254109645,Ge,AdachiGeSkeleton
1.371,0.9043340510576221,-4.143016644858748,1.3466575641340908,0.326623967477205,2.061480017121024,18895201.976103783,188952.01976103784,Ge,AdachiGeSkeleton
1.3725,0.9033457078324225,-4.190812729006103,1.3710454801167111,0.3305846183988962,2.073667986667115,18986142.405530773,189861.42405530773,Ge,AdachiGeSkeleton
1.3739999999999999,0.9023595225618631,-4.239264451417754,1.3960330547877282,0.3346256649864186,2.0859623167941836,19077857.030875552,190778.57030875553,Ge,AdachiGeSkeleton
1.3755,0.9013754881861141,-4.288383562014691,1.4216391147002068,0.3387492837562142,2.0983647536260324,19170359.271663543,191703.59271663544,Ge,AdachiGeSkeleton
1.377,0.9003935976761074,-4.33818201908795,1.44788320164326,0.3429577258652509,2.1108770738294105,19263662.76767929,192636.62767679288,Ge,AdachiGeSkeleton
1.3784999999999998,0.8994138440333697,-4.388671989513216,1.4747856041564347,0.3472533201409583,2.123501084968438,19357781.380999062,193577.81380999062,Ge,AdachiGeSkeleton
1.38,0.898436220289855,-4.439865848531887,1.5023673905977522,0.3516384762516892,2.136238625835723,19452729.19779786,194527.2919779786,Ge,AdachiGeSkeleton
1.3815,0.8974607195077814,-4.4917761790472035,1.5306504438478357,0.35611568802483434,2.149091566756662,19548520.529900856,195485.20529900855,Ge,AdachiGeSkeleton
1.383,0.8964873347794649,-4.54441577037975,1.5596574977374236,0.36068753692015193,2.1620618098632787,19645169.916047804,196451.69916047805,Ge,AdachiGeSkeleton
1.3844999999999998,0.8955160592271578,-4.5977976164205066,1.5894121752899775,0.3653566956662328,2.1751512893333778,19742692.122834545,197426.92122834545,Ge,AdachiGeSkeleton
1.386,0.894546886002886,-4.651934913114088,1.6199390288763227,0.37012593206847777,2.1883619715905427,19841102.14529329,198411.0214529329,Ge,AdachiGeSkeleton
1.3875,0.8935798082882882,-4.706841055197885,1.6512635823832729,0.3749981129973827,2.2016958554599415,19940415.20706897,199404.15207068968,Ge,AdachiGeSkeleton
1.389,0.8926148192944564,-4.762529632115844,1.6834123755038108,0.3799762085664178,2.2151549722744805,20040646.76014517,200406.46760145167,Ge,AdachiGeSkeleton
1.3904999999999998,0.8916519122617763,-4.819014423017675,1.7164130102620914,0.38506329650927335,2.228741385925308,20141812.48406899,201418.1248406899,Ge,AdachiGeSkeleton
1.392,0.8906910804597701,-4.876309390745416,1.7502941998923889,0.39026256676674353,2.242457192850018,20243928.284618415,202439.28284618416,Ge,AdachiGeSkeleton
1.3935,0.8897323171869393,-4.934428674700101,1.7850858201975555,0.39557732629409015,2.2563045219513436,20347010.291851513,203470.10291851513,Ge,AdachiGeSkeleton
1.395,0.8887756157706093,-4.993386582470617,1.8208189635188845,0.40101100410026685,2.2702855344383712,20451074.857470293,204510.7485747029,Ge,AdachiGeSkeleton
1.3964999999999999,0.8878209695667741,-5.053197580095518,1.8575259954561134,0.40656715653099335,2.2844024235815406,20556138.55142567,205561.3855142567,Ge,AdachiGeSkeleton
1.398,0.8868683719599427,-5.113876280816102,1.8952406144833223,0.41224947280828433,2.298657414371879,20662218.157683562,206622.18157683563,Ge,AdachiGeSkeleton
1.3995,0.8859178163629867,-5.175437432165107,1.933997914613604,0.4180617808396681,2.3130527630739297,20769330.66906361,207693.3066906361,Ge,AdachiGeSkeleton
1.401,0.8849692962169878,-5.237895901220785,1.9738344512731256,0.4240080533110363,2.3275907566609297,20877493.281054918,208774.9328105492,Ge,AdachiGeSkeleton
1.4024999999999999,0.8840228049910873,-5.301266657839023,2.0147883105525324,0.4300924140777171,2.342273712119534,20986723.384502597,209867.23384502597,Ge,AdachiGeSkeleton
1.404,0.8830783361823361,-5.365564755658577,2.0568991820118256,0.4363191448691291,2.357103975610305,21097038.557050228,210970.3855705023,Ge,AdachiGeSkeleton
1.4055,0.882135883315546,-5.430805310654331,2.100208435222654,0.44269269232309405,2.3720839214687577,21208456.553211574,212084.56553211572,Ge,AdachiGeSkeleton
1.407,0.8811954399431413,-5.49700347699197,2.1447592002402533,0.44921767536668306,2.3872159510303663,21320995.292933535,213209.95292933536,Ge,AdachiGeSkeleton
1.4084999999999999,0.8802569996450125,-5.564174419913157,2.1905964522051757,0.4558988929612278,2.4025024912612327,21434672.848498307,214346.72848498306,Ge,AdachiGeSkeleton
1.41,0.8793205560283688,-5.632333285354746,2.237767100283532,0.4627413322299983,2.417945993174525,21549507.429599896,215495.07429599896,Ge,AdachiGeSkeleton
1.4115,0.8783861027275947,-5.701495165976037,2.286320081162007,0.46975017698780674,2.4335489300106774,21665517.3664126,216655.173664126,Ge,AdachiGeSkeleton
1.4129999999999998,0.8774536334041048,-5.771675063237285,2.3363064573222885,0.4769308166927074,2.4493137951574226,21782721.09045349,217827.2109045349,Ge,AdachiGeSkeleton
1.4144999999999999,0.8765231417462,-5.842887845137726,2.3877795203268675,0.48428885584077586,2.4652430997833243,21901137.113021486,219011.37113021486,Ge,AdachiGeSkeleton
1.416,0.8755946214689265,-5.915148199183288,2.4407948993551436,0.4918301238257814,2.4813393701559185,22020784.000974458,220207.84000974457,Ge,AdachiGeSkeleton
1.4175,0.8746680663139329,-5.988470580113181,2.495410675235736,0.4995606852864739,2.4976051446129497,22141680.349584807,221416.80349584806,Ge,AdachiGeSkeleton
1.419,0.8737434700493304,-6.062869151868248,2.551687500226046,0.5074868509649603,2.514042970151978,22263844.75218751,222638.4475218751,Ge,AdachiGeSkeleton
1.4204999999999999,0.872820826469553,-6.138357723234546,2.6096887237951645,0.5156151891005004,2.5306553986004676,22387295.766309272,223872.95766309273,Ge,AdachiGeSkeleton
1.422,0.871900129395218,-6.214949676540489,2.669480524669255,0.5239525373837846,2.5474449823247203,22512051.875936773,225120.51875936773,Ge,AdachiGeSkeleton
1.4235,0.870981372672989,-6.292657888726001,2.7311320494002644,0.532506015497465,2.5644142694321035,22638131.449550357,226381.31449550355,Ge,AdachiGeSkeleton
1.4249999999999998,0.8700645501754386,-6.371494644036291,2.79471555771832,0.5412830382693414,2.5815657984166083,22765552.69351379,227655.5269351379,Ge,AdachiGeSkeleton
1.4264999999999999,0.8691496558009113,-6.451471537521069,2.8603065749253727,0.5502913294651478,2.598902092193084,22894333.600372765,228943.33600372766,Ge,AdachiGeSkeleton
1.428,0.8682366834733893,-6.532599368440727,2.92798405158126,0.5595389362482486,2.6164256514601267,23024491.891571492,230244.91891571492,Ge,AdachiGeSkeleton
1.4295,0.8673256271423574,-6.614888022595392,2.997830530724162,0.5690342443338643,2.6341389473260524,23156044.95405184,231560.4495405184,Ge,AdachiGeSkeleton
1.431,0.8664164807826693,-6.698346342497871,3.0699323228528086,0.5787859938654405,2.6520444131259713,23289009.770147886,232890.09770147887,Ge,AdachiGeSkeleton
1.4324999999999999,0.8655092383944154,-6.782981984209038,3.144379688878867,0.5888032960406512,2.6701444353512738,23423402.840134673,234234.02840134673,Ge,AdachiGeSkeleton
1.434,0.8646038940027894,-6.868801259541411,3.2212670312320775,0.5990956505140344,2.688441343605295,23559240.09672934,235592.4009672934,Ge,AdachiGeSkeleton
1.4355,0.8637004416579588,-6.955808962213815,3.3006930932674634,0.6096729636024191,2.706937399490718,23696536.810776733,236965.36810776734,Ge,AdachiGeSkeleton
1.4369999999999998,0.8627988754349339,-7.044008176406988,3.3827611670827875,0.6205455673181619,2.725634784325517,23835307.48728141,238353.0748728141,Ge,AdachiGeSkeleton
1.4385,0.8618991894334376,-7.133400066023875,3.467579309801834,0.6317242392534176,2.7445355855743943,23975565.75086904,239755.6575086904,Ge,AdachiGeSkeleton
1.44,0.8610013777777777,-7.223983642800176,3.5552605683149836,0.6432202233363739,2.7636417818720775,24117324.219675347,241173.24219675348,Ge,AdachiGeSkeleton
1.4415,0.8601054346167186,-7.315755511239647,3.645923212390818,0.6550452514774433,2.7829552265034367,24260594.366569594,242605.94366569593,Ge,AdachiGeSkeleton
1.4429999999999998,0.8592113541233541,-7.40870958816195,3.739690975977138,0.667211566119513,2.802477629192712,24405386.366518542,244053.86366518543,Ge,AdachiGeSkeleton
1.4445,0.858319130494981,-7.502836794450344,3.836693306396311,0.679731943701643,2.8222105360406333,24551708.928789105,245517.08928789105,Ge,AdachiGeSkeleton
1.446,0.8574287579529737,-7.598124716369003,3.9370656210029886,0.6926197190396356,2.8421553074333477,24699569.11256942,246995.69112569423,Ge,AdachiGeSkeleton
1.4475,0.8565402307426597,-7.694557233587079,4.040949570710601,0.7058888106197584,2.862313093731232,24848972.124462623,248489.72124462624,Ge,AdachiGeSkeleton
1.4489999999999998,0.8556535431331953,-7.792114110795748,4.148493309600017,0.7195537467930782,2.8826848085282766,24999921.09616931,249999.2109616931,Ge,AdachiGeSkeleton
1.4505,0.8547686894174422,-7.890770549537283,4.25985176959688,0.7336296928473522,2.9032710992541815,25152416.840528097,251524.16840528097,Ge,AdachiGeSkeleton
1.452,0.8538856639118457,-7.990496696580402,4.375186938936545,0.7481324789207849,2.924072314871258,25306457.5839252,253064.57583925198,Ge,AdachiGeSkeleton
1.4535,0.8530044609563122,-8.091257104875089,4.494668142822253,0.7630786287069693,2.94508847039684,25462038.67291562,254620.3867291562,Ge,AdachiGeSkeleton
1.4549999999999998,0.8521250749140894,-8.193010142802251,4.618472324314715,0.7784853888824561,2.966319207958867,25619152.25271717,256191.5225271717,Ge,AdachiGeSkeleton
1.4565,0.8512475001716443,-8.295707347102667,4.746784323064214,0.7943707591674696,2.987763754068077,25777786.915048774,257777.86915048774,Ge,AdachiGeSkeleton
1.458,0.8503717311385459,-8.399292714525185,4.879797148997561,0.8107535229054559,3.009420872764192,25937927.312580988,259379.27312580988,Ge,AdachiGeSkeleton
1.4594999999999998,0.8494977622473451,-8.50370192688282,5.0177122474960205,0.8276532780183394,3.0312888142665195,26099553.73705684,260995.5373705684,Ge,AdachiGeSkeleton
1.4609999999999999,0.8486255879534566,-8.608861503848212,5.1607397519311755,0.8450904681604409,3.053365258730741,26262641.657918673,262626.41657918674,Ge,AdachiGeSkeleton
1.4625,0.8477552027350427,-8.714687877465696,5.309098718654419,0.8630864138546389,3.0756472546841516,26427161.2180495,264271.612180495,Ge,AdachiGeSkeleton
1.464,0.8468866010928962,-8.821086382013721,5.4630173386486565,0.881663343348752,3.098131151681384,26593076.68300525,265930.7668300525,Ge,AdachiGeSkeleton
1.4655,0.846019777550324,-8.927950152527137,5.622733119030516,0.9008444228771112,3.120812526691716,26760345.839879073,267603.45839879074,Ge,AdachiGeSkeleton
1.4669999999999999,0.8451547266530334,-9.035158924999452,5.788493026424137,0.9206537859512182,3.1436861036982946,26928919.341706567,269289.19341706566,Ge,AdachiGeSkeleton
1.4685,0.8442914429690159,-9.142577731047009,5.960553582896454,0.9411165612332331,3.166745665959689,27098739.993098475,270987.3999309848,Ge,AdachiGeSkeleton
1.47,0.8434299210884353,-9.25005547964887,6.139180903626341,0.9622588984651961,3.1899839603553373,27269741.972575787,272697.41972575785,Ge,AdachiGeSkeleton
1.4714999999999998,0.8425701556235135,-9.357423418507851,6.3246506637628706,0.9841079918348274,3.213392593210644,27441849.98689885,274418.4998689885,Ge,AdachiGeSkeleton
1.4729999999999999,0.8417121412084182,-9.464493467637459,6.51724797998542,1.0066921000534352,3.2369619169751527,27614978.352529734,276149.78352529736,Ge,AdachiGeSkeleton
1.4745,0.8408558724991523,-9.571056418007942,6.717267190094764,1.0300405623019504,3.260680907110547,27789029.999264833,277890.2999926483,Ge,AdachiGeSkeleton
1.476,0.8400013441734416,-9.676879988528526,6.925011511520382,1.054183809065883,3.284537028536165,27963895.391037576,279638.95391037577,Ge,AdachiGeSkeleton
1.4775,0.839148550930626,-9.781706735357337,7.1407925569060335,1.0791533667273208,3.3085160909804032,28139451.35893781,281394.5135893781,Ge,AdachiGeSkeleton
1.4789999999999999,0.8382974874915483,-9.885251808584863,7.364929681924302,1.1049818546110228,3.332602092600387,28315559.84165341,283155.5984165341,Ge,AdachiGeSkeleton
1.4805,0.8374481485984464,-9.987200552807767,7.597749137158973,1.1317029729903145,3.3567770512625477,28492066.52883547,284920.66528835474,Ge,AdachiGeSkeleton
1.482,0.8366005290148447,-10.08720595009339,7.839582992287258,1.1593514803463199,3.3810208229282757,28668799.403361913,286687.9940336191,Ge,AdachiGeSkeleton
1.4834999999999998,0.8357546235254466,-10.184885906437055,8.090767796899947,1.1879631579398062,3.4053109066661404,28845567.179161567,288455.67179161566,Ge,AdachiGeSkeleton
1.4849999999999999,0.8349104269360269,-10.279820386160532,8.351642938146451,1.217574759498549,3.429622235921688,29022157.63221489,290221.5763221489,Ge,AdachiGeSkeleton
1.4865,0.8340679340733266,-10.371548402930841,8.622548651028547,1.2482239435447082,3.453926955824217,29198335.823620908,291983.3582362091,Ge,AdachiGeSkeleton
1.488,0.8332271397849462,-10.459564881354364,8.90382363266929,1.2799491855879528,3.4781941865056396,29373842.21528184,293738.4221528184,Ge,AdachiGeSkeleton
1.4895,0.8323880389392413,-10.543317409595073,9.195802207355833,1.3127896670929857,3.502389772658261,29548390.68087605,295483.9068087605,Ge,AdachiGeSkeleton
1.4909999999999999,0.8315506264252179,-10.622202911368328,9.498810984749493,1.346785137799097,3.526476019876622,29721666.417451292,297216.6641745129,Ge,AdachiGeSkeleton
1.4925,0.8307148971524287,-10.695564275172847,9.813164949579205,1.3819757476308616,3.55041141872498,29893323.76626523,298933.2376626523,Ge,AdachiGeSkeleton
1.494,0.8298808460508701,-10.76268698994402,10.139162917645386,1.4184018441011093,3.5741503579583003,30062983.955521088,300629.8395552109,Ge,AdachiGeSkeleton
1.4954999999999998,0.8290484680708793,-10.822795849641363,10.477082290414087,1.4561037307829063,3.597642828914686,30230232.782503188,302302.3278250319,Ge,AdachiGeSkeleton
1.4969999999999999,0.8282177581830328,-10.875051804793651,10.827173039299398,1.4951213821314027,3.6208341238035424,30394618.258406002,303946.18258406,Ge,AdachiGeSkeleton
1.4985,0.8273887113780447,-10.918549056854408,11.189650851458028,1.5354941096902546,3.643664531450155,30555648.245977987,305556.4824597799,Ge,AdachiGeSkeleton
1.5,0.8265613226666666,-10.95231251143387,11.564689372199519,1.577260174546623,3.666069035035308,30712788.128053185,307127.8812805319,Ge,AdachiGeSkeleton
1.5015,0.8257355870795869,-10.975295729038494,11.952411485722097,1.6204563408357344,3.6879770174979716,30865458.55419147,308654.5855419147,Ge,AdachiGeSkeleton
1.503,0.824911499667332,-10.986379536687464,12.352879586712005,1.6651173651794717,3.7093119815552975,31013033.32302521,310130.33323025214,Ge,AdachiGeSkeleton
1.5045,0.8240890555001661,-10.984371490314956,12.76608481141533,1.7112754172203524,3.7299912927375107,31154837.46950631,311548.3746950631,Ge,AdachiGeSkeleton
1.5059999999999998,0.8232682496679947,-10.968006405577011,13.19193521921295,1.758959426935217,3.7499259554264905,31290145.638973575,312901.45638973574,Ge,AdachiGeSkeleton
1.5074999999999998,0.8224490772802654,-10.935948202607815,13.630242945699733,1.8081943552446729,3.769020433606922,31418180.843646634,314181.8084364663,Ge,AdachiGeSkeleton
1.509,0.8216315334658715,-10.886793337058402,14.080710386952628,1.859000385639069,3.7871725298518695,31538113.711490273,315381.1371149027,Ge,AdachiGeSkeleton
1.5105,0.8208156133730552,-10.819076113574502,14.542915523192503,1.9113920361925236,3.804273337918124,31649062.351939358,316490.62351939356,Ge,AdachiGeSkeleton
1.512,0.820001312169312,-10.731276196367128,15.016296549274552,1.9653771935020836,3.8202072861436793,31750092.97708779,317500.9297708779,Ge,AdachiGeSkeleton
1.5134999999999998,0.8191886250412951,-10.621828641755023,15.500136049899815,2.02095607283588,3.8348522905174907,31840221.429776654,318402.21429776656,Ge,AdachiGeSkeleton
1.515,0.8183775471947194,-10.489136775980473,15.993545039046506,2.078120112155515,3.8480800376974647,31918415.7804776,319184.157804776,Ge,AdachiGeSkeleton
1.5165,0.8175680738542697,-10.331588224148605,16.49544727495069,2.136850811725393,3.859756419221306,31983600.161613457,319836.00161613454,Ge,AdachiGeSkeleton
1.5179999999999998,0.8167602002635047,-10.147574358333971,17.004564361986265,2.197118535735431,3.869742138490132,32034660.009400412,320346.6000940041,Ge,AdachiGeSkeleton
1.5194999999999999,0.8159539216847648,-9.935513370092213,17.519402255518315,2.2588812976938777,3.877893511581177,32070448.877622776,320704.48877622775,Ge,AdachiGeSkeleton
1.521,0.8151492333990795,-9.693877080352252,18.03823989008613,2.3220835571876313,3.884063481318684,32089796.973010324,320897.9697301032,Ge,AdachiGeSkeleton
1.5225,0.8143461307060755,-9.421221474210778,18.559120748026945,2.3866550617723985,3.8881028610486363,32091521.536083687,320915.2153608369,Ge,AdachiGeSkeleton
1.524,0.8135446089238845,-9.116220787150102,19.07984826581812,2.452509773971068,3.8898618199845765,32074439.15260622,320744.3915260622,Ge,AdachiGeSkeleton
1.5254999999999999,0.8127446633890528,-8.777704772479344,19.597986028069116,2.519544929254366,3.8891916156202346,32037380.027625166,320373.8002762517,Ge,AdachiGeSkeleton
1.527,0.8119462894564505,-8.404698550239244,20.11086371186652,2.5876402759841697,3.885946570416875,31979204.185629617,319792.0418562962,Ge,AdachiGeSkeleton
1.5285,0.8111494824991822,-7.996464182236454,20.615589703985876,2.656657552054692,3.8799862797599793,31898819.476671625,318988.1947667163,Ge,AdachiGeSkeleton
1.5299999999999998,0.8103542379084968,-7.5525428477289,21.10907120779318,2.726440254748393,3.8711780261880726,31795201.170746893,317952.01170746895,Ge,AdachiGeSkeleton
1.5314999999999999,0.809560551093699,-7.0727962260753525,21.588042474958147,2.796813759479966,3.8593993614669904,31667412.814244434,316674.12814244436,Ge,AdachiGeSkeleton
1.533,0.8087684174820613,-6.557445447770306,22.049101532916815,2.8675858390214075,3.844540803779616,31514627.90758054,315146.2790758054,Ge,AdachiGeSkeleton
1.5345,0.8079778325187357,-6.007105779131156,22.48875543193876,2.9385476269818103,3.826508582921458,31336151.848822005,313361.51848822006,Ge,AdachiGeSkeleton
1.536,0.8071887916666666,-5.4228150862321005,22.903473613287538,3.0094750574518625,3.805227352952382,31131443.48248473,311314.4348248473,Ge,AdachiGeSkeleton
1.5374999999999999,0.8064012904065041,-4.8060541078710335,23.289748519484935,3.0801307968032337,3.7806427804391616,30900135.505365748,309001.3550536575,Ge,AdachiGeSkeleton
1.539,0.8056153242365172,-4.158756679089339,23.64416205634472,3.1502666640064056,3.752723908501582,30642052.922415454,306420.52922415454,Ge,AdachiGeSkeleton
1.5405,0.8048308886725088,-3.4833083020514533,23.963456010916083,3.219626513271098,3.721465193577613,30357228.725046534,303572.28725046536,Ge,AdachiGeSkeleton
1.5419999999999998,0.8040479792477303,-2.7825318645093473,24.244604073561106,3.2879495285202744,3.6868881141968552,30045915.990060616,300459.15990060614,Ge,AdachiGeSkeleton
1.5434999999999999,0.8032665915127956,-2.0596598476476893,24.484882753105417,3.354973854763809,3.6490422597986476,29708595.674822498,297085.95674822497,Ge,AdachiGeSkeleton
1.545,0.8024867210355987,-1.3182930186529904,24.6819382563239,3.420440468696451,3.608005822965006,29345979.514656466,293459.79514656466,Ge,AdachiGeSkeleton
1.5465,0.8017083634012285,-0.5623463269464167,24.833846363838486,3.484097171767429,3.563885439974778,28959007.60804498,289590.0760804498,Ge,AdachiGeSkeleton
1.548,0.8009315142118862,0.2040165380941426,24.93916249668564,3.545702575407043,3.5168153513020832,28548840.49530344,285488.4049530344,Ge,AdachiGeSkeleton
1.5494999999999999,0.8001561690868022,0.9764577783706615,24.996959535514538,3.605029941572831,3.466955883951503,28116845.78339323,281168.4578339323,Ge,AdachiGeSkeleton
1.551,0.7993823236621534,1.7505465760585421,25.006851510449955,3.6618707432663626,3.414491289245237,27664579.626148753,276645.7962614875,Ge,AdachiGeSkeleton
1.5525,0.7986099735909822,2.5218434932421956,24.969001986039746,3.7160378194497885,3.3596270004777233,27193763.61611009,271937.6361611009,Ge,AdachiGeSkeleton
1.5539999999999998,0.7978391145431145,3.285984825758435,24.884116766891424,3.76736801635964,3.3025864023415252,26706257.86214075,267062.5786214075,Ge,AdachiGeSkeleton
1.5554999999999999,0.7970697422050788,4.038763572568178,24.753421378871383,3.8157242313321604,3.2436072260690305,26204031.199098002,262040.31199098003,Ge,AdachiGeSkeleton
1.557,0.7963018522800257,4.776203924013599,24.578624568224434,3.8609968040604556,3.1829376991941665,25689129.58926755,256891.2958926755,Ge,AdachiGeSkeleton
1.5585,0.7955354404876483,5.494626613129955,24.361869742184986,3.9031042314385505,3.1208325857603394,25163643.822927997,251636.43822927997,Ge,AdachiGeSkeleton
1.5599999999999998,0.7947705025641025,6.190703069187995,24.105676798113645,3.941993213404458,3.0575492514984632,24629677.6064014,246296.77606401397,Ge,AdachiGeSkeleton
1.5614999999999999,0.7940070342619276,6.861497004508273,23.812877120893294,3.977638066195724,2.993343879533553,24089317.04543217,240893.1704543217,Ge,AdachiGeSkeleton
1.563,0.7932450313499679,7.504492791778664,23.48654465827402,4.01003956425948,2.9284679467509442,23544602.39996405,235446.02399964049,Ge,AdachiGeSkeleton
1.5644999999999998,0.792484489613295,8.117610689546641,23.12992591960706,4.03922329133059,2.8631650507228663,22997502.817170996,229975.02817170997,Ge,AdachiGeSkeleton
1.5659999999999998,0.791725404853129,8.69920959716024,22.74637151081218,4.065237594142714,2.7976681539580444,22449894.55851012,224498.9455851012,Ge,AdachiGeSkeleton
1.5675,0.7909677728867623,9.248078529576159,22.339271455615904,4.088151238726375,2.732197288104181,21903543.03914782,219035.4303914782,Ge,AdachiGeSkeleton
1.569,0.7902115895474824,9.763418375160622,21.91199610458221,4.1080508696847025,2.6669577373397986,21360088.808314007,213600.88808314007,Ge,AdachiGeSkeleton
1.5705,0.7894568506844953,10.244815729328286,21.46784394439359,4.1250383680558755,2.602138698956072,20821037.42823839,208210.37428238388,Ge,AdachiGeSkeleton
1.5719999999999998,0.7887035521628499,10.692210690484888,21.009997131248245,4.139228194480454,2.5379124010684517,20287753.06526993,202877.5306526993,Ge,AdachiGeSkeleton
1.5735,0.787951689863362,11.10586047933438,20.54148511765157,4.150744792622737,2.474433643109143,19761455.494088624,197614.55494088624,Ge,AdachiGeSkeleton
1.575,0.7872012596825396,11.486300621714648,20.06515634554665,4.1597201143653315,2.4118397144381056,19243220.13591075,192432.2013591075,Ge,AdachiGeSkeleton
1.5764999999999998,0.7864522575325088,11.834305245077193,19.58365765529502,4.166291314304209,2.3502506399466196,18733980.70295214,187339.80702952138,Ge,AdachiGeSkeleton
1.5779999999999998,0.7857046793409379,12.150847805590962,19.099420815321096,4.17059864743016,2.2897696985407334,18234534.000882342,182345.34000882343,Ge,AdachiGeSkeleton
1.5795,0.7849585210509655,12.437063310119449,18.614655409843156,4.172783591283676,2.23048416034879,17745546.444064975,177455.46444064975,Ge,AdachiGeSkeleton
1.581,0.7842137786211258,12.694212844468673,18.13134722524667,4.172987202781173,2.1724661907856633,17267561.859947987,172675.61859947987,Ge,AdachiGeSkeleton
1.5825,0.7834704480252764,12.9236509811247,17.651261239141377,4.171348710592091,2.115773873605968,16801010.193940546,168010.10193940546,Ge,AdachiGeSkeleton
1.5839999999999999,0.7827285252525252,13.126796426340709,17.175948328099903,4.1680043364856845,2.060452310203456,16346216.769715393,163462.16769715393,Ge,AdachiGeSkeleton
1.5855,0.7819880063071586,13.305106083773508,16.70675485840213,4.163086333414472,2.0065347581561706,15903411.807999996,159034.11807999996,Ge,AdachiGeSkeleton
1.587,0.7812488872085696,13.460052562276111,16.244834397437177,4.1567222241138815,1.9540437779553823,15472739.956187712,154727.39956187713,Ge,AdachiGeSkeleton
1.5884999999999998,0.7805111639911867,13.593105038564607,15.791160871796183,4.14903422147013,1.9029923626661354,15054269.628931483,150542.69628931483,Ge,AdachiGeSkeleton
1.5899999999999999,0.7797748327044025,13.705713299017631,15.346542593323232,4.14013881060721,1.853385030715002,14648002.00444665,146480.0200444665,Ge,AdachiGeSkeleton
1.5915,0.7790398894125039,13.799294725364033,14.911636670097216,4.13014647232964,1.8052188669335734,14253879.561370293,142538.79561370294,Ge,AdachiGeSkeleton
1.593,0.7783063301946014,13.87522395239589,14.486963410834884,4.119161528002022,1.7584845013181252,13871794.076064114,138717.94076064113,Ge,AdachiGeSkeleton
1.5945,0.7775741511445593,13.934824907879964,14.072920415428571,4.107282086943723,1.71316701866713,13501594.030020656,135015.94030020657,Ge,AdachiGeSkeleton
1.5959999999999999,0.7768433483709273,13.97936494148239,13.669796119398649,4.094600078789166,1.6692467953355057,13143091.401639925,131430.91401639924,Ge,AdachiGeSkeleton
1.5975,0.7761139179968701,14.010050757087875,13.27778262511246,4.081201354863606,1.62670026183457,12796067.83642461,127960.6783642461,Ge,AdachiGeSkeleton
1.599,0.7753858561601,14.028025878195463,12.896987707611386,4.0671658443334975,1.5855005919637961,12460280.205067493,124602.80205067493,Ge,AdachiGeSkeleton
1.6004999999999998,0.7746591590128086,14.034369396446001,12.5274459282181,4.0525677526186366,1.5456183206466165,12135465.57050223,121354.6557050223,Ge,AdachiGeSkeleton
1.6019999999999999,0.773933822721598,14.030095776636308,12.169128825549807,4.037475791234285,1.5070218937250417,11821345.593322271,118213.45593322272,Ge,AdachiGeSkeleton
1.6035,0.773209843467415,14.01615551613776,11.821954182105065,4.021953429819397,1.469678153711979,11517630.410584258,115176.30410584257,Ge,AdachiGeSkeleton
1.605,0.7724872174454828,13.993436481219087,11.48579438625872,4.006059162572153,1.4335527659661529,11224022.026398988,112240.22026398989,Ge,AdachiGeSkeleton
1.6065,0.7717659408652349,13.962765766487443,11.160483925348334,3.98984678264026,1.3986105899990153,10940217.25433873,109402.1725433873,Ge,AdachiGeSkeleton
1.6079999999999999,0.7710460099502487,13.92491194591419,10.845826056553124,3.973365659194309,1.3648160006940266,10665910.251945661,106659.10251945662,Ge,AdachiGeSkeleton
1.6095,0.7703274209381795,13.880587604337508,10.541598709358539,3.956661012948521,1.3321331641578884,10400794.686851194,104007.94686851194,Ge,AdachiGeSkeleton
1.611,0.7696101700806952,13.830452056747706,10.247559677376286,3.939774186790817,1.3005262727663511,10144565.572497293,101445.65572497294,Ge,AdachiGeSkeleton
1.6124999999999998,0.7688942536434109,13.775114179006284,9.963451158838138,3.922742908951855,1.2699597437422099,9896920.809414707,98969.20809414708,Ge,AdachiGeSkeleton
1.6139999999999999,0.768179667905824,13.715135287967396,9.689003704801207,3.9056015467924294,1.2403983853343332,9657562.465652995,96575.62465652995,Ge,AdachiGeSkeleton
1.6155,0.7674664091612503,13.651032021359523,9.423939632468176,3.8883813498315916,1.211807534371125,9426197.827409687,94261.97827409687,Ge,AdachiGeSkeleton
1.617,0.7667544737167594,13.583279178390136,9.167975958449045,3.871110681087077,1.18415316865527,9202540.248293065,92025.40248293064,Ge,AdachiGeSkeleton
1.6184999999999998,0.7660438578931109,13.512312491018104,8.920826903580513,3.8538152361663585,1.15740199735868,8986309.823051425,89863.09823051425,Ge,AdachiGeSkeleton
1.6199999999999999,0.7653345580246913,13.438531303371247,8.682206017332224,3.8365182498425736,1.131521532275845,8777233.909077682,87772.33909077682,Ge,AdachiGeSkeleton
1.6215,0.764626570459451,13.362301143039412,8.451827966053074,3.8192406900845866,1.1064801425052222,8575047.516589316,85750.47516589315,Ge,AdachiGeSkeleton
1.6229999999999998,0.7639198915588417,13.283956173112227,8.229410025496145,3.802001439694213,1.0822470948561793,8379493.586122167,83794.93586122167,Ge,AdachiGeSkeleton
1.6244999999999998,0.7632145176977532,13.203801518007833,8.014673314310482,3.7848174658442124,1.0587925820251929,8190323.169875567,81903.23169875567,Ge,AdachiGeSkeleton
1.626,0.7625104452644527,13.122115459494912,7.807343801579535,3.7677039779155215,1.0360877403509472,8007295.531515339,80072.95531515339,Ge,AdachiGeSkeleton
1.6275,0.7618076706605222,13.039151501969668,7.607153118066981,3.750674574107328,1.0141046587436218,7830178.177278394,78301.78177278394,Ge,AdachiGeSkeleton
1.629,0.761106190300798,12.9551403081261,7.413839197638137,3.7337413773450447,0.9928163801893938,7658746.829629492,76587.46829629492,Ge,AdachiGeSkeleton
1.6304999999999998,0.7604060006133088,12.870291507745979,7.227146772369021,3.716915161042873,0.9721968970555229,7492785.353284081,74927.85353284082,Ge,AdachiGeSkeleton
1.632,0.7597070980392157,12.784795383522493,7.046827742148013,3.7002054652941596,0.9522211412640842,7332085.642127785,73320.85642127784,Ge,AdachiGeSkeleton
1.6335,0.7590094790327517,12.698824438688325,6.8726414371099445,3.683620704066833,0.932864970261777,7176447.474418511,71764.4747441851,Ge,AdachiGeSkeleton
1.6349999999999998,0.7583131400611621,12.612534851808453,6.704354789014089,3.6671682639759293,0.9141051495882622,7025678.342642407,70256.78342642407,Ge,AdachiGeSkeleton
1.6364999999999998,0.7576180776046441,12.526067824472081,6.541742425674176,3.6508545951927682,0.8959193327348561,6879593.263498672,68795.93263498672,Ge,AdachiGeSkeleton
1.638,0.7569242881562881,12.439550827820772,6.384586700755847,3.6346852950325714,0.8782860388878087,6738014.572699437,67380.14572699436,Ge,AdachiGeSkeleton
1.6395,0.7562317682220189,12.353098753917331,6.232677669658819,3.6186651847406717,0.8611846290644707,6600771.708577962,66007.71708577962,Ge,AdachiGeSkeleton
1.641,0.7555405143205361,12.266814977923332,6.085813020783492,3.602798379973303,0.8445952810754551,6467700.987893373,64677.00987893373,Ge,AdachiGeSkeleton
1.6424999999999998,0.7548505229832573,12.180792336937275,5.943797970227679,3.5870883554432216,0.8284989636801491,6338645.376692392,63386.45376692392,Ge,AdachiGeSkeleton
1.644,0.7541617907542579,12.095114031169235,5.806445126851831,3.571538004173637,0.812877410245463,6213454.258628329,62134.54258628329,Ge,AdachiGeSkeleton
1.6455,0.7534743141902157,12.009854452911046,5.673574333680058,3.556149691777237,0.7977130921680364,6091983.202740811,60919.832027408105,Ge,AdachiGeSkeleton
1.6469999999999998,0.7527880898603522,11.925079948513275,5.545012490749681,3.540925306150278,0.7829891922767304,5974093.732354056,59740.93732354056,Ge,AdachiGeSkeleton
1.6484999999999999,0.7521031143463754,11.840849518315224,5.420593363776803,3.5258663029457407,0.7686895783949724,5859653.096455398,58596.53096455398,Ge,AdachiGeSkeleton
1.65,0.7514193842424243,11.757215459198786,5.3001573823539525,3.510973747164297,0.7547987772102714,5748534.044660238,57485.34044660238,Ge,AdachiGeSkeleton
